{
    "status": 1,
    "info": "",
    "data": {
        "id": 4,
        "ship_company_id": 1,
        "receive_company_id": 1,
        "weigh": 1000,
        "transport_way": "北京-上海-杭州",
        "truck_id": 4,
        "truck_num": "浙A8888",
        "transport_time": "2020.09.23",
        "weigh_first_commit": 100,
        "weigh_first_pic": ["image/pic/3d_1.jpg","image/pic/3d_2.jpg","image/pic/car_1.jpg","image/pic/car_2.jpg"],
        "weigh_last_commit": 0,
        "weigh_last_pic": [],
        "receive_signature": [],
        "status": 1,
        "ship": {
            "id": 1,
            "name": "DWZ团队",
            "address": "北京市朝阳区望京SOHO",
            "mobile": "17767167745",
            "lng": 116.480639,
            "lat": 39.996356
        },
        "receive": {
            "id": 1,
            "name": "杭州大前端网络技术工作室",
            "address": "浙江省杭州市余杭区恒生科技园",
            "mobile": "17767167745",
            "lng": 120.005807,
            "lat": 30.278029
        },
        "point": []
    }
}
