{
	"status": 1,
	"info": "",
	"data": {
		"id": 2,
		"title": "DWZ Mobile v1.0.0发布",
		"content": "简洁的html结构, 轻量级(核心库代码量相当于jQuery十分之一)，扩展方便，语法格式jQuery类似，降低学习门槛提升移动端运行性能。\n[开源地址](https://gitee.com/dwzteam/dwz_mobile_app)\n[文档地址](https://dwzteam.github.io/dwz_mobile_doc_v1)",
		"pic_url": "./image/pic/3d_1.jpg",
		"author": "DWZ团队",
		"reading_num": 600,
		"status": 1,
		"created_at": "2020-11-28"
	}
}
