{
	"status": 1,
	"info": "",
	"data": {
		"total": 50,
		"list": [
			{
				"id": 1,
				"title": "全新卡罗拉&双擎",
				"sub_title": "紧凑型车 2020款口碑4.82分 ",
				"tags": ["先锋版", "精英版", "豪华版", "运动版", "旗舰版"],
				"price": "￥11.98万 ~ ￥15.98万",
				"img_url_sm": "image/pic/car_1.jpg"
			},
			{
				"id": 2,
				"title": "卡罗拉双擎E+",
				"sub_title": "紧凑型车 2020款口碑4.85分 ",
				"tags": ["先锋版", "精英版", "豪华版", "运动版", "旗舰版"],
				"price": "￥20.78万 ~ ￥23.08万",
				"img_url_sm": "image/pic/car_2.jpg"
			},
			{
				"id": 3,
				"title": "卡罗拉双擎E - 3",
				"sub_title": "紧凑型车 2020款口碑4.85分 ",
				"tags": ["先锋版", "精英版", "豪华版", "运动版", "旗舰版"],
				"price": "￥20.78万 ~ ￥23.08万",
				"img_url_sm": "image/pic/3d_1.jpg"
			},
			{
				"id": 4,
				"title": "卡罗拉双擎E - 4",
				"sub_title": "紧凑型车 2020款口碑4.85分 ",
				"tags": ["先锋版", "精英版", "豪华版", "运动版", "旗舰版"],
				"price": "￥20.78万 ~ ￥23.08万",
				"img_url_sm": "image/pic/3d_2.jpg"
			},
			{
				"id": 5,
				"title": "卡罗拉双擎E - 5",
				"sub_title": "紧凑型车 2020款口碑4.85分 ",
				"tags": ["先锋版", "精英版", "豪华版", "运动版", "旗舰版"],
				"price": "￥20.78万 ~ ￥23.08万",
				"img_url_sm": "image/pic/car_1.jpg"
			},
			{
				"id": 6,
				"title": "卡罗拉双擎E - 6",
				"sub_title": "紧凑型车 2020款口碑4.85分 ",
				"tags": ["先锋版", "精英版", "豪华版", "运动版", "旗舰版"],
				"price": "￥20.78万 ~ ￥23.08万",
				"img_url_sm": "image/pic/car_2.jpg"
			},
			{
				"id": 7,
				"title": "卡罗拉双擎E - 7",
				"sub_title": "紧凑型车 2020款口碑4.85分 ",
				"tags": ["先锋版", "精英版", "豪华版", "运动版", "旗舰版"],
				"price": "￥20.78万 ~ ￥23.08万",
				"img_url_sm": "image/pic/car_1.jpg"
			},
			{
				"id": 8,
				"title": "卡罗拉双擎E - 8",
				"sub_title": "紧凑型车 2020款口碑4.85分 ",
				"tags": ["先锋版", "精英版", "豪华版", "运动版", "旗舰版"],
				"price": "￥20.78万 ~ ￥23.08万",
				"img_url_sm": "image/pic/car_2.jpg"
			},
			{
				"id": 9,
				"title": "卡罗拉双擎E - 9",
				"sub_title": "紧凑型车 2020款口碑4.85分 ",
				"tags": ["先锋版", "精英版", "豪华版", "运动版", "旗舰版"],
				"price": "￥20.78万 ~ ￥23.08万",
				"img_url_sm": "image/pic/3d_1.jpg"
			},
			{
				"id": 10,
				"title": "卡罗拉双擎E - 10",
				"sub_title": "紧凑型车 2020款口碑4.85分 ",
				"tags": ["先锋版", "精英版", "豪华版", "运动版", "旗舰版"],
				"price": "￥20.78万 ~ ￥23.08万",
				"img_url_sm": "image/pic/3d_2.jpg"
			}
		]
	}
}
