{
	"status": 1,
	"info": "",
	"data": {
		"total": 100,
		"list": [
			{
				"id": 1000,
				"url": "https://docs.apicloud.com/Client-API/Open-SDK/dwzBaiduFaceLive",
				"title": "dwzBaiduFaceLive v1.0.1",
				"content": "封装了新版百度开放平台的人脸识别采集 SDK，支持人脸识别截取头像，人脸图片分辨率设置，图片压缩比设置。",
				"created_at": "2020-12-30"
			},
			{
				"id": 999,
				"url": "https://dwzteam.github.io/dwz_mobile_doc_v1/#/README",
				"title": "DWZ Mobile v1.0.0",
				"content": "DWZ 手机版 HTML5 + 原生 混合开发框架，基于原生 JS 轻量级移动端开发框架。",
				"created_at": "2020-11-28"
			},
			{
				"id": 101,
				"url": "",
				"title": "DWZ 工作日志系统 v1.0.0",
				"content": "DWZ框架 + ThinkPHP 实现小组工作日志系统，主要功能是可以清楚的看到一周，每人手上都有什么任务，方便合理安排和调整小组任务。",
				"created_at": "2015-10-30"
			},
			{
				"id": 100,
				"url": "",
				"title": "DWZ 富客户端框架 v1.0.0",
				"content": "支持用html扩展的方式来代替javascript代码，基本可以保证程序员不懂javascript，也能使用各种页面组件和ajax技术。如果有特定需求也可以扩展DWZ做定制化开化。",
				"created_at": "2009年10月"
			},
			{
				"id": 1,
				"url": "",
				"title": "无限滚动1",
				"content": "支持下拉刷新，滚动加载下一页，回顶部，右滑删除。",
				"created_at": "2009年10月"
			},
			{
				"id": 2,
				"url": "",
				"title": "无限滚动2",
				"content": "支持下拉刷新，滚动加载下一页，回顶部，右滑删除。",
				"created_at": "2009年10月"
			},
			{
				"id": 3,
				"url": "",
				"title": "无限滚动3",
				"content": "支持下拉刷新，滚动加载下一页，回顶部，右滑删除。",
				"created_at": "2009年10月"
			},
			{
				"id": 4,
				"url": "",
				"title": "无限滚动4",
				"content": "支持下拉刷新，滚动加载下一页，回顶部，右滑删除。",
				"created_at": "2009年10月"
			},
			{
				"id": 5,
				"url": "",
				"title": "无限滚动5",
				"content": "支持下拉刷新，滚动加载下一页，回顶部，右滑删除。",
				"created_at": "2009年10月"
			},
			{
				"id": 6,
				"url": "",
				"title": "无限滚动6",
				"content": "支持下拉刷新，滚动加载下一页，回顶部，右滑删除。",
				"created_at": "2009年10月"
			},
			{
				"id": 7,
				"url": "",
				"title": "无限滚动7",
				"content": "支持下拉刷新，滚动加载下一页，回顶部，右滑删除。",
				"created_at": "2009年10月"
			},
			{
				"id": 8,
				"url": "",
				"title": "无限滚动8",
				"content": "支持下拉刷新，滚动加载下一页，回顶部，右滑删除。",
				"created_at": "2009年10月"
			},
			{
				"id": 9,
				"url": "",
				"title": "无限滚动9",
				"content": "支持下拉刷新，滚动加载下一页，回顶部，右滑删除。",
				"created_at": "2009年10月"
			},
			{
				"id": 10,
				"url": "",
				"title": "无限滚动10",
				"content": "支持下拉刷新，滚动加载下一页，回顶部，右滑删除。",
				"created_at": "2009年10月"
			},
			{
				"id": 11,
				"url": "",
				"title": "无限滚动11",
				"content": "支持下拉刷新，滚动加载下一页，回顶部，右滑删除。",
				"created_at": "2009年10月"
			},
			{
				"id": 12,
				"url": "",
				"title": "无限滚动12",
				"content": "支持下拉刷新，滚动加载下一页，回顶部，右滑删除。",
				"created_at": "2009年10月"
			},
			{
				"id": 13,
				"url": "",
				"title": "无限滚动13",
				"content": "支持下拉刷新，滚动加载下一页，回顶部，右滑删除。",
				"created_at": "2009年10月"
			},
			{
				"id": 14,
				"url": "",
				"title": "无限滚动14",
				"content": "支持下拉刷新，滚动加载下一页，回顶部，右滑删除。",
				"created_at": "2009年10月"
			},
			{
				"id": 15,
				"url": "",
				"title": "无限滚动15",
				"content": "支持下拉刷新，滚动加载下一页，回顶部，右滑删除。",
				"created_at": "2009年10月"
			},
			{
				"id": 16,
				"url": "",
				"title": "无限滚动16",
				"content": "支持下拉刷新，滚动加载下一页，回顶部，右滑删除。",
				"created_at": "2009年10月"
			}
		]
	}
}
