{
	"status": 1,
	"info": "",
	"data": [
		{ "name": "navTab", "url": "tpl/iframe_page.html?dwz_callback=biz.iframeRender&page_title=navTab文档&page_url=https://dwzteam.github.io/dwz_mobile_doc_v1/#/doc/h5/widget/navTab" },
		{ "name": "navView", "url": "tpl/iframe_page.html?dwz_callback=biz.iframeRender&page_title=navView文档&page_url=https://dwzteam.github.io/dwz_mobile_doc_v1/#/doc/h5/widget/navView" },
		{ "name": "dialog", "url": "" },
		{ "name": "form", "url": "" },
		{ "name": "alert", "url": "" },
		{ "name": "table", "url": "" },
		{ "name": "panel", "url": "" },
		{ "name": "brush", "url": "tpl/widget/brush/index.html?dwz_callback=$.drawingBoardRender" },
		{ "name": "tabs", "url": "" },
		{ "name": "slide", "url": "" },
		{ "name": "actionSheet", "url": "" },
		{ "name": "calendar", "url": "" },
		{ "name": "slideTab", "url": "" },
		{ "name": "charts", "url": "" },
		{ "name": "marquee", "url": "" },
		{ "name": "scroll", "url": "" },
		{ "name": "button", "url": "" },
		{ "name": "icons", "url": "" },
		{ "name": "layout", "url": "" },
		{ "name": "about", "url": "tpl/about.html?dwz_callback=biz.home.aboutRender" }
	]
}
